[
{"id":"1857374445","name":"aauav-ap01","latitude":"40.6238405","longitude":"-8.6575435","Piso":"1"},
{"id":"1857374439","name":"aauav-ap02","latitude":"","longitude":"","Piso":""},
{"id":"1808240680","name":"aauav-ap04","latitude":"","longitude":"","Piso":""},
{"id":"1808240678","name":"aauav-ap05","latitude":"40.6237611","longitude":"-8.6578634","Piso":"2"},
{"id":"1857374437","name":"aauav-ap06","latitude":"40.6238405","longitude":"-8.6575435","Piso":"2"},
{"id":"1857374441","name":"aauav-ap07","latitude":"","longitude":"","Piso":""},
{"id":"3555679178","name":"biblioteca-ap01","latitude":"40.6313845","longitude":"-8.6599453","Piso":"4"},
{"id":"3555679186","name":"biblioteca-ap02","latitude":"40.6312868","longitude":"-8.6597602","Piso":"4"},
{"id":"3555679280","name":"biblioteca-ap03","latitude":"40.6312166","longitude":"-8.660003","Piso":"4"},
{"id":"3555679140","name":"biblioteca-ap04","latitude":"40.6311962","longitude":"-8.6598829","Piso":"3"},
{"id":"3555679146","name":"biblioteca-ap05","latitude":"40.6313","longitude":"-8.660017","Piso":"3"},
{"id":"3555679310","name":"biblioteca-ap06","latitude":"40.6313428","longitude":"-8.6598595","Piso":"3"},
{"id":"3555679218","name":"biblioteca-ap07","latitude":"40.6312293","longitude":"-8.6600117","Piso":"2"},
{"id":"3555679194","name":"biblioteca-ap08","latitude":"","longitude":"","Piso":""},
{"id":"3555679174","name":"biblioteca-ap09","latitude":"40.6312883","longitude":"-8.6598166","Piso":"2"},
{"id":"1808240684","name":"biblioteca-ap10","latitude":"40.6313534","longitude":"-8.6601518","Piso":"2"},
{"id":"1808240682","name":"biblioteca-ap11","latitude":"40.6313529","longitude":"-8.6601518","Piso":"3"},
{"id":"1808240688","name":"biblioteca-ap12","latitude":"40.6313575","longitude":"-8.6601525","Piso":"4"},
{"id":"1811459872","name":"biblioteca-ap13","latitude":"40.6311392","longitude":"-8.6596348","Piso":"2"},
{"id":"3340397077","name":"biblioteca-ap14","latitude":"40.6310369","longitude":"-8.6596684","Piso":"3"},
{"id":"1811459870","name":"biblioteca-ap15","latitude":"40.6311026","longitude":"-8.6595839","Piso":"3"},
{"id":"","name":"biblioteca-ap16","latitude":"40.6313662","longitude":"-8.6599406","Piso":"2"},
{"id":"","name":"biblioteca-ap17","latitude":"","longitude":"","Piso":""},
{"id":"1811459866","name":"biblioteca-ap18","latitude":"40.6311336","longitude":"-8.6595805","Piso":"4"},
{"id":"1808240565","name":"biblioteca-ap20","latitude":"40.631183","longitude":"-8.6596811","Piso":"1"},
{"id":"5575497985","name":"biblioteca-ap21","latitude":"40.6312277","longitude":"-8.6600144","Piso":"1"},
{"id":"5575497983","name":"biblioteca-ap22","latitude":"40.6312573","longitude":"-8.6598635","Piso":"1"},
{"id":"1811459874","name":"biblioteca-ap23","latitude":"40.631358","longitude":"-8.6601612","Piso":"1"},
{"id":"6857537781","name":"biblioteca-ap24","latitude":"40.6310919","longitude":"-8.6597911","Piso":"2"},
{"id":"7447168967","name":"biblioteca-ap26","latitude":"40.6310603","longitude":"-8.6595731","Piso":"4"},
{"id":"1857374447","name":"cantina-ap07","latitude":"","longitude":"","Piso":""},
{"id":"7310925726","name":"cantina-sap01.core.ua.pt","latitude":"","longitude":"","Piso":""},
{"id":"3428077083","name":"cantina-sap02.core.ua.pt","latitude":"","longitude":"","Piso":""},
{"id":"3428077085","name":"cantina-sap03.core.ua.pt","latitude":"","longitude":"","Piso":""},
{"id":"3428077087","name":"cantina-sap04.core.ua.pt","latitude":"","longitude":"","Piso":""},
{"id":"3428077089","name":"cantina-sap05.core.ua.pt","latitude":"","longitude":"","Piso":""},
{"id":"3428077091","name":"cantina-sap06.core.ua.pt","latitude":"","longitude":"","Piso":""},
{"id":"3206523132","name":"ccci-ap01","latitude":"40.6290883","longitude":"-8.6570103","Piso":"1"},
{"id":"3206523134","name":"ccci-ap02","latitude":"40.6289517","longitude":"-8.6571863","Piso":"1"},
{"id":"3206523138","name":"ccci-ap03","latitude":"40.6288586","longitude":"-8.6573047","Piso":"1"},
{"id":"3206523140","name":"ccci-ap04","latitude":"40.6291329","longitude":"-8.6568867","Piso":"2"},
{"id":"3206523136","name":"ccci-ap05","latitude":"40.6290765","longitude":"-8.6570254","Piso":"2"},
{"id":"3206523144","name":"ccci-ap06","latitude":"40.6289442","longitude":"-8.657197","Piso":"2"},
{"id":"2932885435","name":"ccci-ap07","latitude":"40.6288905","longitude":"-8.6572676","Piso":"3"},
{"id":"3206523142","name":"ccci-ap08","latitude":"40.6290287","longitude":"-8.6570859","Piso":"3"},
{"id":"2932885431","name":"ccci-ap09","latitude":"40.6291346","longitude":"-8.6569553","Piso":"3"},
{"id":"3107779020","name":"ccci-ap10","latitude":"40.629234","longitude":"-8.6568222","Piso":"3"},
{"id":"2610311733","name":"ccci-ap11","latitude":"40.6293069","longitude":"-8.656726","Piso":"3"},
{"id":"7310925679","name":"ciaq-ap01","latitude":"","longitude":"","Piso":""},
{"id":"7310925681","name":"ciaq-ap02","latitude":"","longitude":"","Piso":""},
{"id":"4433305696","name":"ciaq-ap03","latitude":"","longitude":"","Piso":""},
{"id":"7310925653","name":"ciaq-ap04","latitude":"","longitude":"","Piso":""},
{"id":"5348776432","name":"cicfano-ap01","latitude":"","longitude":"","Piso":""},
{"id":"5348776426","name":"cicfano-ap02","latitude":"","longitude":"","Piso":""},
{"id":"5575498347","name":"cicfano-ap03","latitude":"","longitude":"","Piso":""},
{"id":"5575498782","name":"cicfano-ap04","latitude":"","longitude":"","Piso":""},
{"id":"5575498349","name":"cicfano-ap05","latitude":"","longitude":"","Piso":""},
{"id":"1861243742","name":"cicfano-ap06","latitude":"","longitude":"","Piso":""},
{"id":"1861243758","name":"cicfano-ap07","latitude":"","longitude":"","Piso":""},
{"id":"6749666923","name":"cicfano-ap08","latitude":"","longitude":"","Piso":""},
{"id":"2781042357","name":"cicfano-ap09","latitude":"","longitude":"","Piso":""},
{"id":"6749666857","name":"cicfano-ap10","latitude":"","longitude":"","Piso":""},
{"id":"6749666855","name":"cicfano-ap11","latitude":"","longitude":"","Piso":""},
{"id":"813470120","name":"cocrr-ap01","latitude":"40.634868","longitude":"-8.6599","Piso":"1"},
{"id":"813470116","name":"cocrr-ap02","latitude":"40.6347291","longitude":"-8.6598967","Piso":"1"},
{"id":"813470110","name":"cocrr-ap03","latitude":"40.6349332","longitude":"-8.6596955","Piso":"1"},
{"id":"813470112","name":"cocrr-ap04","latitude":"40.6348278","longitude":"-8.659666","Piso":"1"},
{"id":"813470118","name":"cocrr-ap05","latitude":"40.6346385","longitude":"-8.6597773","Piso":"1"},
{"id":"813470114","name":"cocrr-ap06","latitude":"40.6348426","longitude":"-8.6594608","Piso":"1"},
{"id":"813470108","name":"cocrr-ap07","latitude":"40.6345968","longitude":"-8.6595842","Piso":"1"},
{"id":"813470122","name":"cocrr-ap08","latitude":"40.6346884","longitude":"-8.6594628","Piso":"1"},
{"id":"813470124","name":"cocrr-ap09","latitude":"40.634954","longitude":"-8.6597995","Piso":"1"},
{"id":"813470106","name":"cocrr-ap10","latitude":"40.6349281","longitude":"-8.6593582","Piso":"1"},
{"id":"1857374413","name":"cpct-ap02","latitude":"40.6296255","longitude":"-8.6557862","Piso":"1"},
{"id":"1857374435","name":"cpct-ap03","latitude":"40.6296148","longitude":"-8.6554107","Piso":"1"},
{"id":"1857374397","name":"cpct-ap04","latitude":"40.6294799","longitude":"-8.6553752","Piso":"1"},
{"id":"1857374403","name":"cpct-ap05","latitude":"40.6293491","longitude":"-8.6554141","Piso":"1"},
{"id":"5575497981","name":"cpct-ap07","latitude":"40.6295995","longitude":"-8.6558044","Piso":"2"},
{"id":"5575497979","name":"cpct-ap08","latitude":"40.6296601","longitude":"-8.6557319","Piso":"2"},
{"id":"1857374405","name":"cpct-ap09","latitude":"40.6297868","longitude":"-8.6555127","Piso":"2"},
{"id":"1857374393","name":"cpct-ap10","latitude":"40.6296901","longitude":"-8.6554215","Piso":"2"},
{"id":"7050315277","name":"cpct-ap11","latitude":"40.6295354","longitude":"-8.655341","Piso":"2"},
{"id":"7050315273","name":"cpct-ap12","latitude":"40.629427","longitude":"-8.6553403","Piso":"2"},
{"id":"7050315275","name":"cpct-ap13","latitude":"40.6292784","longitude":"-8.6554208","Piso":"2"},
{"id":"1857374433","name":"cpct-ap14","latitude":"40.6295466","longitude":"-8.6557842","Piso":"3"},
{"id":"7050315279","name":"cpct-ap15","latitude":"40.6296998","longitude":"-8.6555844","Piso":"3"},
{"id":"7050315281","name":"cpct-ap16","latitude":"40.6297736","longitude":"-8.6554563","Piso":"3"},
{"id":"7050315287","name":"cpct-ap17","latitude":"40.6296545","longitude":"-8.6553893","Piso":"3"},
{"id":"7050315289","name":"cpct-ap18","latitude":"40.6295043","longitude":"-8.6553363","Piso":"3"},
{"id":"7050315283","name":"cpct-ap19","latitude":"40.629371","longitude":"-8.6553014","Piso":"3"},
{"id":"7050315285","name":"cpct-ap20","latitude":"40.6293736","longitude":"-8.6554986","Piso":"3"},
{"id":"6857537775","name":"cpct-ap21","latitude":"40.629769","longitude":"-8.6556106","Piso":"1"},
{"id":"7447168771","name":"cpct-ap22","latitude":"40.6293985","longitude":"-8.6556213","Piso":"1"},
{"id":"2384045669","name":"cufc-sap01.core.ua.pt","latitude":"","longitude":"","Piso":""},
{"id":"1861243993","name":"dao-ap01","latitude":"40.6323712","longitude":"-8.6595742","Piso":"1"},
{"id":"6857537761","name":"dao-ap02","latitude":"40.6326155","longitude":"-8.6595487","Piso":"1"},
{"id":"1861244011","name":"dao-ap03","latitude":"40.6324404","longitude":"-8.6595588","Piso":"2"},
{"id":"1861243977","name":"dao-ap04","latitude":"40.6326557","longitude":"-8.6595621","Piso":"2"},
{"id":"1861243999","name":"dao-ap05","latitude":"40.6323679","longitude":"-8.6595507","Piso":"3"},
{"id":"6857537763","name":"dao-ap06","latitude":"40.632591","longitude":"-8.6595708","Piso":"3"},
{"id":"1861243975","name":"dao-ap07","latitude":"40.6325066","longitude":"-8.6591631","Piso":"1"},
{"id":"7050315293","name":"dao-ap08","latitude":"40.6326867","longitude":"-8.6592201","Piso":"1"},
{"id":"7050315493","name":"dao-ap09","latitude":"40.6324562","longitude":"-8.659086","Piso":"2"},
{"id":"1861243979","name":"dao-ap10","latitude":"40.6326938","longitude":"-8.6592228","Piso":"2"},
{"id":"7050315495","name":"dao-ap11","latitude":"40.6324837","longitude":"-8.6591102","Piso":"3"},
{"id":"1861243991","name":"dao-ap12","latitude":"40.6324391","longitude":"-8.6596416","Piso":"1"},
{"id":"4728956865","name":"dao-ap13","latitude":"40.6326582","longitude":"-8.6592315","Piso":"3"},
{"id":"7447168769","name":"dao-ap14","latitude":"40.6324318","longitude":"-8.6589781","Piso":"2"},
{"id":"7447168765","name":"dao-ap15","latitude":"40.6324109","longitude":"-8.6590371","Piso":"3"},
{"id":"7447168763","name":"dao-ap17","latitude":"40.6327742","longitude":"-8.6592128","Piso":"2"},
{"id":"1827292788","name":"dbio-ap01","latitude":"40.6338503","longitude":"-8.6592727","Piso":"1"},
{"id":"1827292670","name":"dbio-ap02","latitude":"40.6338172","longitude":"-8.6595282","Piso":"1"},
{"id":"1827292668","name":"dbio-ap03","latitude":"40.6336404","longitude":"-8.6595916","Piso":"1"},
{"id":"7310925695","name":"dbio-ap04","latitude":"40.6333859","longitude":"-8.659203","Piso":"1"},
{"id":"1827292786","name":"dbio-ap05","latitude":"40.6337935","longitude":"-8.659553","Piso":"3"},
{"id":"1827292662","name":"dbio-ap06","latitude":"40.6335274","longitude":"-8.6594377","Piso":"2"},
{"id":"1827292674","name":"dbio-ap07","latitude":"40.6336658","longitude":"-8.6595912","Piso":"2"},
{"id":"1827292481","name":"dbio-ap08","latitude":"40.6338729","longitude":"-8.6594578","Piso":"2"},
{"id":"1827292666","name":"dbio-ap09","latitude":"40.6334882","longitude":"-8.6592063","Piso":"2"},
{"id":"1827292660","name":"dbio-ap10","latitude":"40.6333523","longitude":"-8.659203","Piso":"2"},
{"id":"1827292654","name":"dbio-ap11","latitude":"40.6337518","longitude":"-8.6595939","Piso":"3"},
{"id":"1827292652","name":"dbio-ap12","latitude":"40.6336165","longitude":"-8.6595966","Piso":"3"},
{"id":"1827292650","name":"dbio-ap13","latitude":"40.6334958","longitude":"-8.6592037","Piso":"3"},
{"id":"1827292646","name":"dbio-ap14","latitude":"40.633359","longitude":"-8.6591996","Piso":"3"},
{"id":"1920716187","name":"dbio-ap15","latitude":"","longitude":"","Piso":""},
{"id":"1920716197","name":"dbio-ap16","latitude":"","longitude":"","Piso":""},
{"id":"1887460842","name":"dbio-ap17","latitude":"","longitude":"","Piso":""},
{"id":"1887460844","name":"dbio-ap18","latitude":"","longitude":"","Piso":""},
{"id":"5348776430","name":"dbio-ap19","latitude":"40.6332898","longitude":"-8.6591299","Piso":"1"},
{"id":"7310925693","name":"dbio-ap20","latitude":"40.6335564","longitude":"-8.6591333","Piso":"1"},
{"id":"7447169470","name":"dbio-ap21","latitude":"","longitude":"","Piso":""},
{"id":"7447169472","name":"dbio-ap22","latitude":"","longitude":"","Piso":""},
{"id":"8096453779","name":"dbio-ap23","latitude":"40.6335391","longitude":"-8.659081","Piso":"1"},
{"id":"7447168951","name":"dbio-ap26","latitude":"40.6334745","longitude":"-8.6592553","Piso":"1"},
{"id":"7257524388","name":"dcspt-ap01","latitude":"40.6301143","longitude":"-8.6579838","Piso":"1"},
{"id":"5015288291","name":"dcspt-ap02","latitude":"40.6300537","longitude":"-8.6581783","Piso":"1"},
{"id":"5015288293","name":"dcspt-ap03","latitude":"40.6299439","longitude":"-8.6581812","Piso":"1"},
{"id":"4169440882","name":"dcspt-ap04","latitude":"40.6297952","longitude":"-8.6584543","Piso":"1"},
{"id":"4169440884","name":"dcspt-ap05","latitude":"40.6298563","longitude":"-8.6584046","Piso":"1"},
{"id":"6171177907","name":"dcspt-ap06","latitude":"40.630153","longitude":"-8.6579043","Piso":"2"},
{"id":"1857374463","name":"dcspt-ap07","latitude":"40.629947","longitude":"-8.6583195","Piso":"2"},
{"id":"1857374471","name":"dcspt-ap08","latitude":"40.6299631","longitude":"-8.6581526","Piso":"2"},
{"id":"1857374477","name":"dcspt-ap09","latitude":"40.6300181","longitude":"-8.658083","Piso":"3"},
{"id":"1857374467","name":"dcspt-ap10","latitude":"40.6299122","longitude":"-8.6583483","Piso":"3"},
{"id":"6857537755","name":"dcspt-ap11","latitude":"40.6298089","longitude":"-8.6584544","Piso":"3"},
{"id":"6857537757","name":"dcspt-ap12","latitude":"40.6301185","longitude":"-8.6580618","Piso":"3"},
{"id":"4169440886","name":"dcspt-ap13","latitude":"40.6299474","longitude":"-8.6583121","Piso":"1"},
{"id":"7447168756","name":"dcspt-ap14","latitude":"40.6298359","longitude":"-8.6583056","Piso":"3"},
{"id":"1857374381","name":"deca-ap01","latitude":"40.6289935","longitude":"-8.6563811","Piso":"1"},
{"id":"1857374387","name":"deca-ap02","latitude":"40.6290549","longitude":"-8.6565554","Piso":"3"},
{"id":"1857374379","name":"deca-ap03","latitude":"40.6288041","longitude":"-8.6566501","Piso":"1"},
{"id":"1857374383","name":"deca-ap04","latitude":"40.6288484","longitude":"-8.6561754","Piso":"1"},
{"id":"1857374385","name":"deca-ap05","latitude":"40.6289639","longitude":"-8.6559071","Piso":"3"},
{"id":"1857374377","name":"deca-ap06","latitude":"40.6288505","longitude":"-8.6561779","Piso":"2"},
{"id":"1857374391","name":"deca-ap07","latitude":"40.6289529","longitude":"-8.6564657","Piso":"2"},
{"id":"1857374389","name":"deca-ap08","latitude":"40.6288808","longitude":"-8.6566616","Piso":"2"},
{"id":"1857374361","name":"deca-ap09","latitude":"40.628807","longitude":"-8.6566712","Piso":"2"},
{"id":"1857374365","name":"deca-ap10","latitude":"40.6288948","longitude":"-8.6562538","Piso":"3"},
{"id":"1857374367","name":"deca-ap11","latitude":"40.6290953","longitude":"-8.6564269","Piso":"3"},
{"id":"1857374371","name":"deca-ap12","latitude":"40.6288625","longitude":"-8.6565917","Piso":"3"},
{"id":"1857374375","name":"deca-ap13","latitude":"40.628705","longitude":"-8.656161","Piso":"2"},
{"id":"1857374369","name":"deca-ap14","latitude":"40.6287521","longitude":"-8.6567312","Piso":"3"},
{"id":"1857374373","name":"deca-ap15","latitude":"40.62895","longitude":"-8.655923","Piso":"2"},
{"id":"1857374363","name":"deca-ap16","latitude":"40.6289652","longitude":"-8.6559011","Piso":"1"},
{"id":"1811459868","name":"deca-ap17","latitude":"40.6287561","longitude":"-8.6562804","Piso":"3"},
{"id":"3764896210","name":"deca-ap18","latitude":"40.628984","longitude":"-8.656292","Piso":"2"},
{"id":"3936213705","name":"deca-ap19","latitude":"40.629101","longitude":"-8.656372","Piso":"2"},
{"id":"5008177181","name":"decivil-ap01","latitude":"40.6297115","longitude":"-8.6574308","Piso":"1"},
{"id":"5008177179","name":"decivil-ap02","latitude":"40.6296181","longitude":"-8.6576696","Piso":"1"},
{"id":"1827293069","name":"decivil-ap03","latitude":"40.6294791","longitude":"-8.6578513","Piso":"1"},
{"id":"6857537787","name":"decivil-ap04","latitude":"40.6296859","longitude":"-8.6575033","Piso":"3"},
{"id":"1827293071","name":"decivil-ap05","latitude":"40.6296019","longitude":"-8.657616","Piso":"3"},
{"id":"1827293084","name":"decivil-ap06","latitude":"40.6294359","longitude":"-8.6578317","Piso":"3"},
{"id":"7050315306","name":"degeit-ap01","latitude":"40.6305417","longitude":"-8.6571883","Piso":"1"},
{"id":"7050315308","name":"degeit-ap02","latitude":"40.6307126","longitude":"-8.6572561","Piso":"1"},
{"id":"1861243774","name":"degeit-ap03","latitude":"","longitude":"","Piso":""},
{"id":"1861243762","name":"degeit-ap04","latitude":"40.6308831","longitude":"-8.6569939","Piso":"1"},
{"id":"1861243764","name":"degeit-ap05","latitude":"40.6310939","longitude":"-8.6569112","Piso":"1"},
{"id":"1861243780","name":"degeit-ap06","latitude":"40.6307364","longitude":"-8.6573871","Piso":"2"},
{"id":"7050315310","name":"degeit-ap07","latitude":"40.6306975","longitude":"-8.6572202","Piso":"2"},
{"id":"1861243782","name":"degeit-ap08","latitude":"40.6308877","longitude":"-8.6571908","Piso":"2"},
{"id":"1861243806","name":"degeit-ap09","latitude":"40.6308858","longitude":"-8.656983","Piso":"2"},
{"id":"1861243790","name":"degeit-ap10","latitude":"40.6310112","longitude":"-8.6570291","Piso":"2"},
{"id":"1861243808","name":"degeit-ap11","latitude":"40.6311189","longitude":"-8.656786","Piso":"2"},
{"id":"1861243812","name":"degeit-ap12","latitude":"40.630692","longitude":"-8.6572302","Piso":"3"},
{"id":"1861243816","name":"degeit-ap13","latitude":"","longitude":"","Piso":""},
{"id":"1861243814","name":"degeit-ap14","latitude":"40.630842","longitude":"-8.657048","Piso":"3"},
{"id":"5348776422","name":"degeit-ap15","latitude":"","longitude":"","Piso":""},
{"id":"1861243788","name":"degeit-ap16","latitude":"40.6310703","longitude":"-8.6567244","Piso":"3"},
{"id":"5348776424","name":"degeit-ap17","latitude":"40.6310887","longitude":"-8.6569305","Piso":"2"},
{"id":"2932885077","name":"degeit-ap18","latitude":"40.6311157","longitude":"-8.6567009","Piso":"1"},
{"id":"5575498355","name":"degeit-ap19","latitude":"40.6306693","longitude":"-8.6574217","Piso":"2"},
{"id":"5575498353","name":"degeit-ap20","latitude":"40.6306762","longitude":"-8.6574107","Piso":"3"},
{"id":"8096453940","name":"degeit-ap21","latitude":"40.6309548","longitude":"-8.6568878","Piso":"1"},
{"id":"1861243786","name":"demac-ap01","latitude":"40.6340743","longitude":"-8.6583757","Piso":"1"},
{"id":"1861243804","name":"demac-ap02","latitude":"40.6341581","longitude":"-8.6586136","Piso":"1"},
{"id":"1861243800","name":"demac-ap03","latitude":"40.6340681","longitude":"-8.6591784","Piso":"1"},
{"id":"1861243820","name":"demac-ap04","latitude":"40.6341626","longitude":"-8.658998","Piso":"1"},
{"id":"1861243796","name":"demac-ap05","latitude":"40.6343057","longitude":"-8.6588089","Piso":"1"},
{"id":"1861243810","name":"demac-ap06","latitude":"40.6342187","longitude":"-8.659125","Piso":"1"},
{"id":"1827293098","name":"demac-ap07","latitude":"40.6339701","longitude":"-8.6586536","Piso":"2"},
{"id":"1861243798","name":"demac-ap08","latitude":"40.6343061","longitude":"-8.6588088","Piso":"2"},
{"id":"1861243818","name":"demac-ap09","latitude":"40.6341254","longitude":"-8.6585686","Piso":"2"},
{"id":"1827293102","name":"demac-ap10","latitude":"40.634465","longitude":"-8.6588526","Piso":"1"},
{"id":"1861243792","name":"demac-ap11","latitude":"40.634004","longitude":"-8.658911","Piso":""},
{"id":"1861243822","name":"demac-ap12","latitude":"40.6341065","longitude":"-8.6585423","Piso":"3"},
{"id":"1861243826","name":"demac-ap13","latitude":"--","longitude":"--","Piso":""},
{"id":"1861243824","name":"demac-ap14","latitude":"--","longitude":"--","Piso":""},
{"id":"7050315332","name":"demac-ap15","latitude":"--","longitude":"--","Piso":""},
{"id":"8005051106","name":"demac-ap16","latitude":"--","longitude":"--","Piso":""},
{"id":"1837671967","name":"demac-ap17","latitude":"--","longitude":"--","Piso":""},
{"id":"8005051115","name":"demac-ap18","latitude":"40.6342307","longitude":"-8.6587867","Piso":"1"},
{"id":"1861243953","name":"dem-ap01","latitude":"40.6297008","longitude":"-8.6580393","Piso":"4"},
{"id":"1861243959","name":"dem-ap02","latitude":"40.6298478","longitude":"-8.657926","Piso":"4"},
{"id":"5036791765","name":"dem-ap04","latitude":"40.6300581","longitude":"-8.657634","Piso":"3"},
{"id":"1861243963","name":"dem-ap05","latitude":"40.6298837","longitude":"-8.6578384","Piso":"3"},
{"id":"1861243949","name":"dem-ap06","latitude":"40.6297234","longitude":"-8.658074","Piso":"3"},
{"id":"1861243961","name":"dem-ap07","latitude":"40.6295624","longitude":"-8.6582085","Piso":"4"},
{"id":"1861243947","name":"dem-ap08","latitude":"40.6299392","longitude":"-8.6575979","Piso":"4"},
{"id":"1861243965","name":"dem-ap09","latitude":"40.6296514","longitude":"-8.6579634","Piso":"4"},
{"id":"1827293096","name":"dem-ap10","latitude":"40.629615","longitude":"-8.6581552","Piso":"1"},
{"id":"1827293088","name":"dem-ap11","latitude":"40.6298458","longitude":"-8.6577213","Piso":"4"},
{"id":"1837671953","name":"dem-ap12","latitude":"40.6298097","longitude":"-8.6579562","Piso":"1"},
{"id":"2272832934","name":"dem-ap13","latitude":"40.6300081","longitude":"-8.6577007","Piso":"1"},
{"id":"6857537690","name":"dem-ap14","latitude":"40.6296117","longitude":"-8.6582085","Piso":"3"},
{"id":"6171177378","name":"dem-ap15","latitude":"40.6297201","longitude":"-8.6579802","Piso":"2"},
{"id":"7152827689","name":"dem-ap16","latitude":"40.6299056","longitude":"-8.6577388","Piso":"2"},
{"id":"7310925646","name":"dem-ap17","latitude":"40.629626","longitude":"-8.6582279","Piso":"4"},
{"id":"7447169345","name":"dem-ap19","latitude":"40.6300247","longitude":"-8.6576618","Piso":"2"},
{"id":"8096453761","name":"dem-ap20","latitude":"40.6298962","longitude":"-8.6578471","Piso":"1"},
{"id":"7310925661","name":"DEM-LEICA-AP","latitude":"40.6297659","longitude":"-8.6580127","Piso":"1"},
{"id":"1908476753","name":"dep-ap01","latitude":"40.6317425","longitude":"-8.6587884","Piso":"1"},
{"id":"1920716206","name":"dep-ap02","latitude":"40.6319833","longitude":"-8.6587938","Piso":"1"},
{"id":"1908476755","name":"dep-ap03","latitude":"40.6319242","longitude":"-8.6590757","Piso":"1"},
{"id":"1908476751","name":"dep-ap04","latitude":"40.6319303","longitude":"-8.6583559","Piso":"1"},
{"id":"1920716208","name":"dep-ap05","latitude":"40.632355","longitude":"-8.6589168","Piso":"1"},
{"id":"1908476745","name":"dep-ap06","latitude":"40.6316105","longitude":"-8.6585852","Piso":"2"},
{"id":"1908476743","name":"dep-ap07","latitude":"40.6318064","longitude":"-8.6588367","Piso":"2"},
{"id":"1908476740","name":"dep-ap08","latitude":"40.6319901","longitude":"-8.6590982","Piso":"2"},
{"id":"1908476747","name":"dep-ap09","latitude":"40.6318258","longitude":"-8.6581782","Piso":"2"},
{"id":"1852803204","name":"dep-ap10","latitude":"40.6319311","longitude":"-8.6584102","Piso":"2"},
{"id":"1852803206","name":"dep-ap11","latitude":"40.6321056","longitude":"-8.65848","Piso":"2"},
{"id":"3574751496","name":"dep-ap12","latitude":"40.6322125","longitude":"-8.6586597","Piso":"2"},
{"id":"1861244054","name":"dep-ap13","latitude":"40.6316705","longitude":"-8.6586402","Piso":"3"},
{"id":"1852803200","name":"dep-ap14","latitude":"40.6318237","longitude":"-8.6588535","Piso":"3"},
{"id":"1852803208","name":"dep-ap15","latitude":"40.6320125","longitude":"-8.6590231","Piso":"3"},
{"id":"1852803202","name":"dep-ap16","latitude":"40.6321525","longitude":"-8.6591425","Piso":"1"},
{"id":"1852803212","name":"dep-ap17","latitude":"40.6321128","longitude":"-8.6591918","Piso":"2"},
{"id":"1852803210","name":"dep-ap18","latitude":"40.6320965","longitude":"-8.6592236","Piso":"3"},
{"id":"4031752728","name":"dep-ap19","latitude":"40.6323107","longitude":"-8.6588615","Piso":"2"},
{"id":"6857537769","name":"deti-ap01","latitude":"40.632902","longitude":"-8.659132","Piso":"1"},
{"id":"8096453626","name":"deti-ap02","latitude":"40.633087","longitude":"-8.65924","Piso":"1"},
{"id":"7257524370","name":"deti-ap03","latitude":"40.6331107","longitude":"-8.6595529","Piso":"1"},
{"id":"1837671949","name":"deti-ap04","latitude":"40.6332481","longitude":"-8.6595341","Piso":"1"},
{"id":"1837671965","name":"deti-ap05","latitude":"40.6334516","longitude":"-8.6595978","Piso":"1"},
{"id":"7257524366","name":"deti-ap06","latitude":"40.6328267","longitude":"-8.6592075","Piso":"2"},
{"id":"7257524374","name":"deti-ap07","latitude":"--","longitude":"--","Piso":""},
{"id":"4100592356","name":"deti-ap08","latitude":"40.6331682","longitude":"-8.6595401","Piso":"2"},
{"id":"4100592358","name":"deti-ap09","latitude":"40.6333799","longitude":"-8.6595542","Piso":"2"},
{"id":"7152828138","name":"deti-ap10","latitude":"40.6329285","longitude":"-8.6591881","Piso":"3"},
{"id":"7152828080","name":"deti-ap11","latitude":"40.6331473","longitude":"-8.6592559","Piso":"3"},
{"id":"5053550503","name":"deti-ap12","latitude":"40.6331738","longitude":"-8.6594563","Piso":"3"},
{"id":"5036791767","name":"deti-ap13","latitude":"40.633243","longitude":"-8.6595824","Piso":"3"},
{"id":"5036791783","name":"deti-ap14","latitude":"40.6334542","longitude":"-8.6595978","Piso":"3"},
{"id":"1837671955","name":"deti-ap15","latitude":"--","longitude":"--","Piso":""},
{"id":"1837671961","name":"deti-ap16","latitude":"--","longitude":"--","Piso":""},
{"id":"6857537771","name":"deti-ap17","latitude":"40.6329835","longitude":"-8.6591378","Piso":"1"},
{"id":"7257524372","name":"deti-ap18","latitude":"40.6331677","longitude":"-8.6592518","Piso":"2"},
{"id":"7257524376","name":"deti-ap19","latitude":"40.632984","longitude":"-8.6592076","Piso":"2"},
{"id":"8096453645","name":"deti-ap20","latitude":"40.6328746","longitude":"-8.6592652","Piso":"1"},
{"id":"8096453763","name":"deti-ap21","latitude":"40.6329779","longitude":"-8.6592659","Piso":"1"},
{"id":"8096453773","name":"deti-ap22","latitude":"40.6330649","longitude":"-8.6591358","Piso":"1"},
{"id":"8096453942","name":"deti-ap23","latitude":"40.6332043","longitude":"-8.6591834","Piso":"1"},
{"id":"3812024331","name":"dlc-ap01","latitude":"","longitude":"","Piso":"1"},
{"id":"3812024327","name":"dlc-ap02","latitude":"40.6352929","longitude":"-8.6578393","Piso":"2"},
{"id":"3812024337","name":"dlc-ap03","latitude":"40.6350323","longitude":"-8.6581828","Piso":"2"},
{"id":"3812024333","name":"dlc-ap04","latitude":"40.6353116","longitude":"-8.6578015","Piso":"3"},
{"id":"3812024339","name":"dlc-ap05","latitude":"40.635145","longitude":"-8.6580165","Piso":"3"},
{"id":"4315342068","name":"dlc-ap06","latitude":"40.6353147","longitude":"-8.6577922","Piso":"4"},
{"id":"3812024341","name":"dlc-ap07","latitude":"40.6351686","longitude":"-8.6580329","Piso":"4"},
{"id":"3812024329","name":"dlc-ap08","latitude":"40.6353092","longitude":"-8.6578028","Piso":"5"},
{"id":"3812024325","name":"dlc-ap09","latitude":"40.6351362","longitude":"-8.6580258","Piso":"5"},
{"id":"3812024343","name":"dlc-ap10","latitude":"40.6353006","longitude":"-8.657828","Piso":"6"},
{"id":"8096453701","name":"dlc-ap11","latitude":"40.6352251","longitude":"-8.6579199","Piso":"2"},
{"id":"8096453705","name":"dlc-ap12","latitude":"40.6351536","longitude":"-8.6580061","Piso":"2"},
{"id":"8096453703","name":"dlc-ap13","latitude":"40.6352228","longitude":"-8.6579149","Piso":"3"},
{"id":"8096453707","name":"dlc-ap14","latitude":"40.6352969","longitude":"-8.6579189","Piso":"3"},
{"id":"8096453724","name":"dlc-ap15","latitude":"40.6352132","longitude":"-8.6579256","Piso":"4"},
{"id":"5575498784","name":"dmat-ap01","latitude":"40.6302944","longitude":"-8.6580955","Piso":"1"},
{"id":"7152828130","name":"dmat-ap02","latitude":"40.6304601","longitude":"-8.6582149","Piso":"2"},
{"id":"8096454298","name":"dmat-ap03","latitude":"40.6303692","longitude":"-8.6584737","Piso":"1"},
{"id":"7152828118","name":"dmat-ap04","latitude":"40.6302413","longitude":"-8.6584211","Piso":"1"},
{"id":"7152828120","name":"dmat-ap05","latitude":"40.6301156","longitude":"-8.6586031","Piso":"1"},
{"id":"7152828128","name":"dmat-ap06","latitude":"40.6302392","longitude":"-8.6581813","Piso":"2"},
{"id":"7152828122","name":"dmat-ap07","latitude":"40.6302234","longitude":"-8.6584972","Piso":"2"},
{"id":"5015288283","name":"dmat-ap08","latitude":"40.6301715","longitude":"-8.6585636","Piso":"2"},
{"id":"5015288281","name":"dmat-ap09","latitude":"40.6302957","longitude":"-8.6580854","Piso":"3"},
{"id":"1861243776","name":"dmat-ap10","latitude":"40.6304376","longitude":"-8.6582347","Piso":"3"},
{"id":"5015288285","name":"dmat-ap11","latitude":"40.6303129","longitude":"-8.6584573","Piso":"3"},
{"id":"5015288287","name":"dmat-ap12","latitude":"40.6302062","longitude":"-8.6585807","Piso":"3"},
{"id":"6857537759","name":"dmat-ap13","latitude":"40.6300128","longitude":"-8.6588087","Piso":"3"},
{"id":"5575498351","name":"dmat-ap14","latitude":"40.6299553","longitude":"-8.6587303","Piso":"3"},
{"id":"1827293067","name":"dmat-ap15","latitude":"40.6304417","longitude":"-8.6583688","Piso":"3"},
{"id":"2401154209","name":"dmat-ap16","latitude":"40.6301593","longitude":"-8.6586943","Piso":"2"},
{"id":"5348776420","name":"dmat-ap17","latitude":"40.6304481","longitude":"-8.6583882","Piso":"1"},
{"id":"3868913053","name":"dmat-ap18","latitude":"40.6303921","longitude":"-8.6582276","Piso":"1"},
{"id":"7447168759","name":"dmat-ap19","latitude":"40.6304474","longitude":"-8.6583885","Piso":"2"},
{"id":"1827293073","name":"dmat-ap20","latitude":"40.630227","longitude":"-8.6580935","Piso":"3"},
{"id":"5348776039","name":"dmat-ap22","latitude":"40.6303801","longitude":"-8.6584573","Piso":"3"},
{"id":"7310925717","name":"dmat-ap24","latitude":"40.630285","longitude":"-8.6580211","Piso":"2"},
{"id":"7447169443","name":"dmat-ap25","latitude":"40.6303608","longitude":"-8.6582072","Piso":"3"},
{"id":"1861243969","name":"dq-ap01","latitude":"40.6298148","longitude":"-8.6562702","Piso":"1"},
{"id":"1861243987","name":"dq-ap02","latitude":"40.6297934","longitude":"-8.6560845","Piso":"1"},
{"id":"1861244001","name":"dq-ap03","latitude":"","longitude":"","Piso":""},
{"id":"1861244018","name":"dq-ap04","latitude":"40.6299899","longitude":"-8.6559155","Piso":"1"},
{"id":"1861244044","name":"dq-ap05","latitude":"40.6298754","longitude":"-8.6558927","Piso":"1"},
{"id":"1861244034","name":"dq-ap06","latitude":"40.6302133","longitude":"-8.6554763","Piso":"1"},
{"id":"1861244042","name":"dq-ap07","latitude":"40.6303023","longitude":"-8.6553576","Piso":"1"},
{"id":"2037312749","name":"dq-ap08","latitude":"40.6302749","longitude":"-8.6555011","Piso":"1"},
{"id":"1861244032","name":"dq-ap09","latitude":"40.6297713","longitude":"-8.6561157","Piso":"2"},
{"id":"1861244038","name":"dq-ap10","latitude":"40.6299026","longitude":"-8.6560399","Piso":"2"},
{"id":"1861244022","name":"dq-ap11","latitude":"40.6300924","longitude":"-8.6558073","Piso":"2"},
{"id":"1861244026","name":"dq-ap12","latitude":"40.6300146","longitude":"-8.6556959","Piso":"2"},
{"id":"1861244048","name":"dq-ap13","latitude":"40.630212","longitude":"-8.6556074","Piso":"2"},
{"id":"1861244040","name":"dq-ap14","latitude":"40.6301998","longitude":"-8.6554894","Piso":"2"},
{"id":"1861244030","name":"dq-ap15","latitude":"40.6303067","longitude":"-8.6553452","Piso":"2"},
{"id":"1861244020","name":"dq-ap16","latitude":"40.6297675","longitude":"-8.6561196","Piso":"3"},
{"id":"2037312752","name":"dq-ap17","latitude":"40.6299085","longitude":"-8.6560485","Piso":"3"},
{"id":"1861244014","name":"dq-ap18","latitude":"40.6298321","longitude":"-8.6559399","Piso":"3"},
{"id":"1861244016","name":"dq-ap19","latitude":"40.6300912","longitude":"-8.6558051","Piso":"3"},
{"id":"1861244086","name":"dq-ap20","latitude":"40.6300118","longitude":"-8.6556918","Piso":"3"},
{"id":"2037312747","name":"dq-ap21","latitude":"40.6301965","longitude":"-8.6556207","Piso":"3"},
{"id":"1861244084","name":"dq-ap22","latitude":"40.6302052","longitude":"-8.6554819","Piso":"3"},
{"id":"1861244072","name":"dq-ap23","latitude":"40.6303029","longitude":"-8.6553585","Piso":"3"},
{"id":"2272832682","name":"dq-ap24","latitude":"40.6298309","longitude":"-8.6559387","Piso":"2"},
{"id":"2205761816","name":"ecomare-ap01","latitude":"40.6382003","longitude":"-8.728935","Piso":"1"},
{"id":"2205761803","name":"ecomare-ap02","latitude":"40.6381113","longitude":"-8.7290637","Piso":"1"},
{"id":"2205761805","name":"ecomare-ap03","latitude":"40.637992","longitude":"-8.7289219","Piso":"1"},
{"id":"2205761812","name":"ecomare-ap04","latitude":"40.6380525","longitude":"-8.7279007","Piso":"1"},
{"id":"2205761799","name":"ecomare-ap05","latitude":"40.6381029","longitude":"-8.7276935","Piso":"1"},
{"id":"2205761814","name":"ecomare-ap06","latitude":"40.6377773","longitude":"-8.7275386","Piso":"1"},
{"id":"2205761807","name":"ecomare-ap07","latitude":"40.6377915","longitude":"-8.7279033","Piso":"1"},
{"id":"2205761801","name":"ecomare-ap08","latitude":"40.6381503","longitude":"-8.7288782","Piso":"2"},
{"id":"2205761818","name":"ecomare-ap09","latitude":"40.6380918","longitude":"-8.7290646","Piso":"2"},
{"id":"4169440286","name":"ecomare-ap10","latitude":"40.6380226","longitude":"-8.7288607","Piso":"2"},
{"id":"4169440392","name":"ecomare-ap11","latitude":"40.6379564","longitude":"-8.727963","Piso":"1"},
{"id":"5036791775","name":"ecr-ap01","latitude":"","longitude":"","Piso":"1"},
{"id":"7152828060","name":"ecr-ap02","latitude":"","longitude":"","Piso":""},
{"id":"7152828064","name":"ecr-ap03","latitude":"","longitude":"","Piso":"1"},
{"id":"7152828062","name":"ecr-ap04","latitude":"","longitude":"","Piso":"1"},
{"id":"1861243731","name":"ecr-ap05","latitude":"","longitude":"","Piso":"2"},
{"id":"7152828082","name":"ecr-ap06","latitude":"","longitude":"","Piso":"2"},
{"id":"7152828084","name":"ecr-ap07","latitude":"","longitude":"","Piso":"2"},
{"id":"7152828086","name":"ecr-ap08","latitude":"","longitude":"","Piso":"2"},
{"id":"7152828092","name":"ecr-ap09","latitude":"","longitude":"","Piso":"3"},
{"id":"7152828090","name":"ecr-ap10","latitude":"","longitude":"","Piso":"3"},
{"id":"7152828096","name":"ecr-ap11","latitude":"","longitude":"","Piso":"3"},
{"id":"7152828098","name":"ecr-ap12","latitude":"","longitude":"","Piso":"3"},
{"id":"7152828100","name":"ecr-ap13","latitude":"","longitude":"","Piso":"3"},
{"id":"7152828104","name":"ecr-ap14","latitude":"","longitude":"","Piso":"4"},
{"id":"7152828106","name":"ecr-ap15","latitude":"","longitude":"","Piso":"4"},
{"id":"7152828110","name":"ecr-ap16","latitude":"","longitude":"","Piso":"4"},
{"id":"7152828114","name":"ecr-ap17","latitude":"","longitude":"","Piso":"4"},
{"id":"7152828066","name":"ecr-ap18","latitude":"","longitude":"","Piso":""},
{"id":"7152828088","name":"ecr-ap19","latitude":"","longitude":"","Piso":"2"},
{"id":"7152828094","name":"ecr-ap20","latitude":"","longitude":"","Piso":"3"},
{"id":"7152828112","name":"ecr-ap21","latitude":"","longitude":"","Piso":"4"},
{"id":"7152828108","name":"ecr-ap22","latitude":"","longitude":"","Piso":"4"},
{"id":"4031752726","name":"ecr-ap23","latitude":"","longitude":"","Piso":"2"},
{"id":"7447168840","name":"ecr-ap25","latitude":"","longitude":"","Piso":"1"},
{"id":"7447168993","name":"ecr-ap26","latitude":"","longitude":"","Piso":"2"},
{"id":"8005051103","name":"ecr-ap27","latitude":"","longitude":"","Piso":"2"},
{"id":"3574751343","name":"ecr-sap20.core.ua.pt","latitude":"","longitude":"","Piso":""},
{"id":"7050315343","name":"edif1-ap01","latitude":"","longitude":"","Piso":"1"},
{"id":"1857374479","name":"edif1-ap02","latitude":"","longitude":"","Piso":"1"},
{"id":"1852803046","name":"edif1-ap03","latitude":"","longitude":"","Piso":"1"},
{"id":"5348776428","name":"edif1-ap04","latitude":"","longitude":"","Piso":"1"},
{"id":"1887461296","name":"edif1-ap05","latitude":"","longitude":"","Piso":"1"},
{"id":"7050315334","name":"edif1-ap06","latitude":"","longitude":"","Piso":"1"},
{"id":"1197262886","name":"edif1-ap07","latitude":"","longitude":"","Piso":"1"},
{"id":"1207445286","name":"edif1-ap08","latitude":"","longitude":"","Piso":"1"},
{"id":"1827293100","name":"edif1-ap09","latitude":"","longitude":"","Piso":"1"},
{"id":"5575497977","name":"edif1-ap10","latitude":"","longitude":"","Piso":"1"},
{"id":"1861244024","name":"edif37-ap01","latitude":"","longitude":"","Piso":""},
{"id":"1861244092","name":"edif37-ap02","latitude":"","longitude":"","Piso":""},
{"id":"7447168969","name":"edif37-ap03","latitude":"","longitude":"","Piso":""},
{"id":"1861244090","name":"edif3-ap01","latitude":"","longitude":"","Piso":"1"},
{"id":"5036791779","name":"edif3-ap02","latitude":"","longitude":"","Piso":"1"},
{"id":"1861244080","name":"edif3-ap03","latitude":"","longitude":"","Piso":"2"},
{"id":"1861244094","name":"edif3-ap04","latitude":"","longitude":"","Piso":"2"},
{"id":"1861244076","name":"edif3-ap05","latitude":"","longitude":"","Piso":"3"},
{"id":"1861244088","name":"edif3-ap06","latitude":"","longitude":"","Piso":"3"},
{"id":"1861244082","name":"edif3-ap07","latitude":"","longitude":"","Piso":"4"},
{"id":"1861244078","name":"edif3-ap08","latitude":"","longitude":"","Piso":"4"},
{"id":"1861244104","name":"edif3-ap09","latitude":"","longitude":"","Piso":"5"},
{"id":"1861244096","name":"edif3-ap10","latitude":"","longitude":"","Piso":"5"},
{"id":"1861244100","name":"edif3-ap11","latitude":"","longitude":"","Piso":"5"},
{"id":"8096453771","name":"edif3-ap12","latitude":"","longitude":"","Piso":"2"},
{"id":"8096453635","name":"edif3-ap13","latitude":"","longitude":"","Piso":"2"},
{"id":"786604840","name":"edif3-ap14","latitude":"","longitude":"","Piso":"3"},
{"id":"4728956339","name":"edif3-sap12.core.ua.pt","latitude":"","longitude":"","Piso":""},
{"id":"1230493576","name":"esan-ap01","latitude":"","longitude":"","Piso":"1"},
{"id":"1230493578","name":"esan-ap02","latitude":"","longitude":"","Piso":"1"},
{"id":"5828975547","name":"esan-ap03","latitude":"","longitude":"","Piso":"1"},
{"id":"1274125432","name":"esan-ap04","latitude":"","longitude":"","Piso":"1"},
{"id":"1339833960","name":"esan-ap05","latitude":"","longitude":"","Piso":"1"},
{"id":"6171177376","name":"esan-ap06","latitude":"","longitude":"","Piso":"1"},
{"id":"1274125422","name":"esan-ap07","latitude":"","longitude":"","Piso":"1"},
{"id":"7257524315","name":"essua-ap01","latitude":"40.6233539","longitude":"-8.6575997","Piso":"1"},
{"id":"7257524307","name":"essua-ap02","latitude":"40.623429","longitude":"-8.6572252","Piso":"1"},
{"id":"7257524311","name":"essua-ap03","latitude":"40.6235234","longitude":"-8.6570022","Piso":"1"},
{"id":"7257524309","name":"essua-ap04","latitude":"40.6236535","longitude":"-8.6568313","Piso":"1"},
{"id":"7257524305","name":"essua-ap05","latitude":"40.6233659","longitude":"-8.657596","Piso":"2"},
{"id":"7257524299","name":"essua-ap06","latitude":"40.623407","longitude":"-8.6572124","Piso":"2"},
{"id":"7257524301","name":"essua-ap07","latitude":"40.6235821","longitude":"-8.6570716","Piso":"2"},
{"id":"7257524303","name":"essua-ap08","latitude":"40.6236322","longitude":"-8.6567041","Piso":"2"},
{"id":"7257524291","name":"essua-ap09","latitude":"40.6233385","longitude":"-8.6576459","Piso":"3"},
{"id":"7257524293","name":"essua-ap10","latitude":"40.6235017","longitude":"-8.6572865","Piso":"3"},
{"id":"7257524295","name":"essua-ap11","latitude":"40.6234818","longitude":"-8.6570119","Piso":"3"},
{"id":"7257524297","name":"essua-ap12","latitude":"40.6236281","longitude":"-8.6567085","Piso":"3"},
{"id":"7257524281","name":"essua-ap13","latitude":"40.6230375","longitude":"-8.6574283","Piso":"1"},
{"id":"7257524283","name":"essua-ap14","latitude":"40.6231375","longitude":"-8.6570139","Piso":"1"},
{"id":"7257524313","name":"essua-ap15","latitude":"40.6233118","longitude":"-8.656633","Piso":"1"},
{"id":"7257524289","name":"essua-ap16","latitude":"40.62339","longitude":"-8.6565284","Piso":"1"},
{"id":"7152828354","name":"essua-ap18","latitude":"40.6230329","longitude":"-8.6574347","Piso":"2"},
{"id":"7257524275","name":"essua-ap19","latitude":"40.6231736","longitude":"-8.6572211","Piso":"2"},
{"id":"7257524277","name":"essua-ap20","latitude":"40.6232177","longitude":"-8.6568282","Piso":"2"},
{"id":"7257524279","name":"essua-ap21","latitude":"40.6232938","longitude":"-8.6566186","Piso":"2"},
{"id":"7152828352","name":"essua-ap22","latitude":"40.6234093","longitude":"-8.6564801","Piso":"2"},
{"id":"7152828342","name":"essua-ap23","latitude":"40.6230276","longitude":"-8.6574444","Piso":"3"},
{"id":"7152828344","name":"essua-ap24","latitude":"40.6231352","longitude":"-8.6570354","Piso":"3"},
{"id":"7152828346","name":"essua-ap25","latitude":"40.6232154","longitude":"-8.6568365","Piso":"3"},
{"id":"7152828348","name":"essua-ap26","latitude":"40.6232981","longitude":"-8.6566216","Piso":"3"},
{"id":"7152828350","name":"essua-ap27","latitude":"40.6233459","longitude":"-8.6564909","Piso":"3"},
{"id":"7447168752","name":"essua-ap28","latitude":"40.6234513","longitude":"-8.6574095","Piso":"3"},
{"id":"1861243744","name":"essua-ap29","latitude":"40.6236368","longitude":"-8.6568925","Piso":"3"},
{"id":"8096453637","name":"essua-ap30","latitude":"40.6236803","longitude":"-8.6566733","Piso":"3"},
{"id":"8096453782","name":"estga-ap01","latitude":"40.5741281","longitude":"-8.4445698","Piso":"1"},
{"id":"8835548590","name":"estga-ap02","latitude":"--","longitude":"--","Piso":""},
{"id":"8835548592","name":"estga-ap03","latitude":"40.5742717","longitude":"-8.444486","Piso":"1"},
{"id":"8835548596","name":"estga-ap04","latitude":"--","longitude":"--","Piso":""},
{"id":"8835548594","name":"estga-ap05","latitude":"40.574303","longitude":"-8.4446486","Piso":"2"},
{"id":"5173781614","name":"estga-ap12","latitude":"40.5740244","longitude":"-8.4433769","Piso":"1"},
{"id":"8096453952","name":"estga-ra-ap01","latitude":"","longitude":"","Piso":""},
{"id":"8096454138","name":"estga-ra-ap02","latitude":"","longitude":"","Piso":""},
{"id":"8096453956","name":"estga-ra-ap03","latitude":"","longitude":"","Piso":""},
{"id":"8096454140","name":"estga-ra-ap04","latitude":"","longitude":"","Piso":""},
{"id":"8096453954","name":"estga-ra-ap05","latitude":"","longitude":"","Piso":""},
{"id":"8096453958","name":"estga-ra-ap06","latitude":"","longitude":"","Piso":""},
{"id":"8096453960","name":"estga-ra-ap07","latitude":"","longitude":"","Piso":""},
{"id":"8096453950","name":"estga-ra-ap08","latitude":"","longitude":"","Piso":""},
{"id":"8096454136","name":"estga-ra-ap09","latitude":"","longitude":"","Piso":""},
{"id":"8096453948","name":"estga-ra-ap10","latitude":"","longitude":"","Piso":""},
{"id":"2272832930","name":"estga-sap01.core.ua.pt","latitude":"","longitude":"","Piso":""},
{"id":"2272832928","name":"estga-sap02.core.ua.pt","latitude":"","longitude":"","Piso":""},
{"id":"7447168743","name":"estga-sap03.core.ua.pt","latitude":"","longitude":"","Piso":""},
{"id":"5173781618","name":"estga-sap04.core.ua.pt","latitude":"","longitude":"","Piso":""},
{"id":"10055444","name":"estga-sap05.core.ua.pt","latitude":"","longitude":"","Piso":""},
{"id":"10055320","name":"estga-sap06.core.ua.pt","latitude":"","longitude":"","Piso":""},
{"id":"5173781616","name":"estga-sap07.core.ua.pt","latitude":"","longitude":"","Piso":""},
{"id":"10055329","name":"estga-sap08.core.ua.pt","latitude":"","longitude":"","Piso":""},
{"id":"7447168745","name":"estga-sap09.core.ua.pt","latitude":"","longitude":"","Piso":""},
{"id":"10055308","name":"estga-sap10.core.ua.pt","latitude":"","longitude":"","Piso":""},
{"id":"10055300","name":"estga-sap11.core.ua.pt","latitude":"","longitude":"","Piso":""},
{"id":"10055359","name":"estga-sap13.core.ua.pt","latitude":"","longitude":"","Piso":""},
{"id":"10055296","name":"estga-sap14.core.ua.pt","latitude":"","longitude":"","Piso":""},
{"id":"10055355","name":"estga-sap15.core.ua.pt","latitude":"","longitude":"","Piso":""},
{"id":"7777835765","name":"estga-sap16.core.ua.pt","latitude":"","longitude":"","Piso":""},
{"id":"6857537791","name":"estga-sap22.core.ua.pt","latitude":"","longitude":"","Piso":""},
{"id":"7447168740","name":"estga-sap26.core.ua.pt","latitude":"","longitude":"","Piso":""},
{"id":"2401154326","name":"ext-sap01.core.ua.pt","latitude":"","longitude":"","Piso":""},
{"id":"2272832920","name":"ext-sap03.core.ua.pt","latitude":"","longitude":"","Piso":""},
{"id":"2205762059","name":"ext-sap04.core.ua.pt","latitude":"","longitude":"","Piso":""},
{"id":"1861243945","name":"fabrica-ap01","latitude":"","longitude":"","Piso":"1"},
{"id":"1861243957","name":"fabrica-ap02","latitude":"","longitude":"","Piso":"1"},
{"id":"1861243939","name":"fabrica-ap03","latitude":"","longitude":"","Piso":"2"},
{"id":"1861243943","name":"fabrica-ap04","latitude":"","longitude":"","Piso":"2"},
{"id":"1861243955","name":"fabrica-ap05","latitude":"","longitude":"","Piso":""},
{"id":"7310925671","name":"fabrica-ap06","latitude":"","longitude":"","Piso":"2"},
{"id":"1861244009","name":"fabrica-ap07","latitude":"","longitude":"","Piso":"3"},
{"id":"7310925667","name":"fabrica-ap08","latitude":"","longitude":"","Piso":"3"},
{"id":"7310925669","name":"fabrica-ap09","latitude":"","longitude":"","Piso":"3"},
{"id":"7310925675","name":"fabrica-ap10","latitude":"","longitude":"","Piso":"4"},
{"id":"7310925677","name":"fabrica-ap11","latitude":"","longitude":"","Piso":"4"},
{"id":"7310925673","name":"fabrica-ap12","latitude":"","longitude":"","Piso":""},
{"id":"1827292800","name":"fabrica-ap13","latitude":"","longitude":"","Piso":""},
{"id":"7447168953","name":"fabrica-ap14","latitude":"","longitude":"","Piso":"1"},
{"id":"1827292830","name":"fis-ap01","latitude":"40.6300706","longitude":"-8.6566743","Piso":"1"},
{"id":"1827292842","name":"fis-ap02","latitude":"40.6302319","longitude":"-8.6566843","Piso":"1"},
{"id":"1827292834","name":"fis-ap03","latitude":"----","longitude":"------","Piso":""},
{"id":"1827292828","name":"fis-ap04","latitude":"40.630566","longitude":"-8.656269","Piso":"1"},
{"id":"1827292832","name":"fis-ap05","latitude":"40.6302395","longitude":"-8.656613","Piso":"2"},
{"id":"1827292840","name":"fis-ap06","latitude":"40.6303031","longitude":"-8.6567303","Piso":"2"},
{"id":"1827292822","name":"fis-ap07","latitude":"40.6304634","longitude":"-8.6563587","Piso":"2"},
{"id":"1827293065","name":"fis-ap08","latitude":"40.6306069","longitude":"-8.6561629","Piso":"2"},
{"id":"1827292820","name":"fis-ap09","latitude":"40.6302374","longitude":"-8.6566098","Piso":"3"},
{"id":"6857537695","name":"fis-ap10","latitude":"40.6303305","longitude":"-8.6566809","Piso":"3"},
{"id":"7152827692","name":"fis-ap11","latitude":"40.630553","longitude":"-8.656403","Piso":"1"},
{"id":"1827292838","name":"fis-ap12","latitude":"40.6306628","longitude":"-8.6562484","Piso":"3"},
{"id":"6749666861","name":"fis-ap13","latitude":"40.6306084","longitude":"-8.6562776","Piso":"2"},
{"id":"7152827687","name":"fis-ap14","latitude":"40.6304303","longitude":"-8.656524","Piso":"3"},
{"id":"7447168995","name":"fis-ap15","latitude":"40.630385","longitude":"-8.6565991","Piso":"3"},
{"id":"7447169026","name":"fis-ap16","latitude":"40.6303225","longitude":"-8.6565013","Piso":"1"},
{"id":"1861244098","name":"geo-ap01","latitude":"40.629458","longitude":"-8.657098","Piso":"1"},
{"id":"1861244108","name":"geo-ap02","latitude":"40.629437","longitude":"-8.657248","Piso":"1"},
{"id":"784836073","name":"geo-ap03","latitude":"40.62931","longitude":"-8.657413","Piso":"1"},
{"id":"1861244110","name":"geo-ap04","latitude":"40.629113","longitude":"-8.657487","Piso":"1"},
{"id":"1861244112","name":"geo-ap05","latitude":"40.629455","longitude":"-8.657097","Piso":"2"},
{"id":"1861244114","name":"geo-ap06","latitude":"40.629404","longitude":"-8.657321","Piso":"2"},
{"id":"5348776414","name":"geo-ap07","latitude":"40.629253","longitude":"-8.65727","Piso":"2"},
{"id":"1861244106","name":"geo-ap08","latitude":"40.629147","longitude":"-8.657626","Piso":"2"},
{"id":"784836069","name":"geo-ap09","latitude":"40.629073","longitude":"-8.657541","Piso":"2"},
{"id":"1861244102","name":"geo-ap10","latitude":"40.6294781","longitude":"-8.6571952","Piso":"3"},
{"id":"5348776416","name":"geo-ap11","latitude":"40.6293728","longitude":"-8.6571597","Piso":"3"},
{"id":"5348776418","name":"geo-ap12","latitude":"40.629354","longitude":"-8.6573387","Piso":"3"},
{"id":"1861244126","name":"geo-ap13","latitude":"40.6292817","longitude":"-8.6572737","Piso":"3"},
{"id":"1827293090","name":"geo-ap14","latitude":"40.6292827","longitude":"-8.6574326","Piso":"3"},
{"id":"1861244136","name":"geo-ap15","latitude":"40.6290812","longitude":"-8.6575399","Piso":"3"},
{"id":"784836071","name":"geo-ap16","latitude":"40.6291336","longitude":"-8.6576217","Piso":"3"},
{"id":"1861244116","name":"geo-ap17","latitude":"40.629365","longitude":"-8.657157","Piso":"1"},
{"id":"1861244118","name":"geo-ap18","latitude":"40.6295153","longitude":"-8.6570222","Piso":"3"},
{"id":"8096453769","name":"geo-ap19","latitude":"40.629601","longitude":"-8.657048","Piso":"1"},
{"id":"2005184187","name":"gretua-ap01","latitude":"40.6364176","longitude":"-8.6585502","Piso":"1"},
{"id":"8005051113","name":"gretua-ap02","latitude":"","longitude":"","Piso":""},
{"id":"1861244142","name":"idad-ap01","latitude":"????","longitude":"????","Piso":""},
{"id":"1861244150","name":"idad-ap02","latitude":"????","longitude":"????","Piso":""},
{"id":"5033742187","name":"ieeta-ap01","latitude":"40.6331228","longitude":"-8.6599232","Piso":"1"},
{"id":"5033742185","name":"ieeta-ap02","latitude":"40.6331141","longitude":"-8.6601947","Piso":"1"},
{"id":"5033742189","name":"ieeta-ap03","latitude":"40.6331233","longitude":"-8.660294","Piso":"1"},
{"id":"8835547848","name":"ieeta-ap03","latitude":"?","longitude":"?","Piso":""},
{"id":"5033742183","name":"ieeta-ap04","latitude":"40.6331202","longitude":"-8.6602309","Piso":"1"},
{"id":"5033742181","name":"ieeta-ap05","latitude":"40.6331792","longitude":"-8.6600365","Piso":"1"},
{"id":"5033742179","name":"ieeta-ap06","latitude":"40.6331212","longitude":"-8.6599379","Piso":"1"},
{"id":"7050315345","name":"ieeta-ap07","latitude":"40.633135","longitude":"-8.6603543","Piso":"1"},
{"id":"5033742177","name":"ieeta-ap08","latitude":"40.6331197","longitude":"-8.6602014","Piso":"1"},
{"id":"5015288295","name":"ieeta-ap09","latitude":"40.6331207","longitude":"-8.6600103","Piso":"1"},
{"id":"5914618278","name":"ieeta-ap10","latitude":"40.6331797","longitude":"-8.6600747","Piso":"1"},
{"id":"7447168775","name":"ieeta-ap11","latitude":"40.6331563","longitude":"-8.660296","Piso":"1"},
{"id":"7447169013","name":"ieeta-ap12","latitude":"40.6331202","longitude":"-8.6601391","Piso":"1"},
{"id":"7447169341","name":"iera-ap01","latitude":"?","longitude":"","Piso":""},
{"id":"5036791771","name":"isca-ap01","latitude":"40.630627","longitude":"-8.6534334","Piso":"1"},
{"id":"1861244132","name":"isca-ap02","latitude":"40.6304575","longitude":"-8.6532416","Piso":"1"},
{"id":"1861244056","name":"isca-ap03","latitude":"40.6302667","longitude":"-8.6531571","Piso":"1"},
{"id":"5036791785","name":"isca-ap04","latitude":"40.6301033","longitude":"-8.6532778","Piso":"1"},
{"id":"5036791773","name":"isca-ap05","latitude":"40.6304616","longitude":"-8.6536254","Piso":"1"},
{"id":"5036791769","name":"isca-ap06","latitude":"40.6305699","longitude":"-8.6532945","Piso":"2"},
{"id":"1861244050","name":"isca-ap07","latitude":"40.6303669","longitude":"-8.6532358","Piso":"2"},
{"id":"1861244046","name":"isca-ap08","latitude":"40.6300984","longitude":"-8.6531773","Piso":"2"},
{"id":"1861244124","name":"isca-ap09","latitude":"40.6301152","longitude":"-8.6532773","Piso":"2"},
{"id":"1861244140","name":"isca-ap10","latitude":"???","longitude":"","Piso":""},
{"id":"1861244130","name":"isca-ap11","latitude":"40.6305719","longitude":"-8.653405","Piso":"2"},
{"id":"1861244122","name":"isca-ap13","latitude":"???","longitude":"","Piso":""},
{"id":"1861244146","name":"isca-ap14","latitude":"???","longitude":"","Piso":""},
{"id":"7447169454","name":"isca-ap15","latitude":"40.6304473","longitude":"-8.6528718","Piso":"1"},
{"id":"8096453944","name":"isca-ap16","latitude":"40.6304284","longitude":"-8.6535343","Piso":"1"},
{"id":"1939353211","name":"it-ap01","latitude":"40.634134","longitude":"-8.6600439","Piso":""},
{"id":"1939353209","name":"it-ap02","latitude":"40.6341389","longitude":"-8.6598352","Piso":""},
{"id":"1939353207","name":"it-ap03","latitude":"40.6343102","longitude":"-8.6599746","Piso":""},
{"id":"1939353205","name":"it-ap04","latitude":"40.6341181","longitude":"-8.6600484","Piso":""},
{"id":"1939353203","name":"it-ap05","latitude":"40.6343084","longitude":"-8.659921","Piso":""},
{"id":"1939353201","name":"it-ap06","latitude":"???","longitude":"","Piso":""},
{"id":"1827292806","name":"labtec-ap01","latitude":"40.6300376","longitude":"-8.6563597","Piso":""},
{"id":"1827292812","name":"labtec-ap02","latitude":"40.6302169","longitude":"-8.6562535","Piso":""},
{"id":"1827292790","name":"labtec-ap03","latitude":"40.6303358","longitude":"-8.6559695","Piso":""},
{"id":"1827292814","name":"labtec-ap04","latitude":"40.6301605","longitude":"-8.6561244","Piso":""},
{"id":"1827292816","name":"labtec-ap05","latitude":"40.6299661","longitude":"-8.6564027","Piso":""},
{"id":"1827292808","name":"labtec-ap06","latitude":"40.6300727","longitude":"-8.6562655","Piso":""},
{"id":"1827292818","name":"labtec-ap07","latitude":"???","longitude":"","Piso":""},
{"id":"7152828336","name":"labtec-ap08","latitude":"40.6302203","longitude":"-8.6560922","Piso":""},
{"id":"1827292798","name":"labtec-ap09","latitude":"40.6302968","longitude":"-8.6561492","Piso":""},
{"id":"6749666875","name":"labtec-ap10","latitude":"40.6304482","longitude":"-8.6558505","Piso":""},
{"id":"1827292802","name":"labtec-ap11","latitude":"40.6299725","longitude":"-8.6563894","Piso":""},
{"id":"1827292810","name":"labtec-ap12","latitude":"40.6300712","longitude":"-8.656276","Piso":""},
{"id":"1827292792","name":"labtec-ap13","latitude":"???","longitude":"","Piso":""},
{"id":"1827292804","name":"labtec-ap14","latitude":"40.630201","longitude":"-8.6560936","Piso":""},
{"id":"1827292794","name":"labtec-ap15","latitude":"40.6303201","longitude":"-8.6561272","Piso":""},
{"id":"1827292826","name":"labtec-ap16","latitude":"???","longitude":"","Piso":""},
{"id":"5348776051","name":"labtec-ap17","latitude":"40.6303232","longitude":"-8.6558978","Piso":""},
{"id":"8812748958","name":"labtec-ap18","latitude":"40.6304397","longitude":"-8.6558442","Piso":""},
{"id":"1857374411","name":"lca-ap01","latitude":"40.6292818","longitude":"-8.6560815","Piso":""},
{"id":"1857374407","name":"lca-ap02","latitude":"40.6291205","longitude":"-8.6561452","Piso":""},
{"id":"5828975551","name":"mesh-fabrica-rap01","latitude":"","longitude":"","Piso":""},
{"id":"5828975557","name":"mesh-joserabumba-map01","latitude":"","longitude":"","Piso":""},
{"id":"5828975553","name":"mesh-stantonio-map01","latitude":"","longitude":"","Piso":""},
{"id":"5828975555","name":"mesh-stantonio-map02","latitude":"","longitude":"","Piso":""},
{"id":"5828975559","name":"mesh-stantonio-map03","latitude":"","longitude":"","Piso":""},
{"id":"5828975549","name":"mesh-stic-rap01","latitude":"","longitude":"","Piso":""},
{"id":"5244233860","name":"pah-ap01","latitude":"40.629904","longitude":"-8.65411","Piso":""},
{"id":"5348776065","name":"pah-ap02","latitude":"40.629696","longitude":"-8.654453","Piso":""},
{"id":"8865741951","name":"pah-ap03","latitude":"???","longitude":"","Piso":""},
{"id":"8865741953","name":"pah-ap04","latitude":"???","longitude":"","Piso":""},
{"id":"3428077073","name":"pah-sap03.core.ua.pt","latitude":"40.62952","longitude":"-8.653913","Piso":""},
{"id":"3428077075","name":"pah-sap04.core.ua.pt","latitude":"40.629403","longitude":"-8.653715","Piso":""},
{"id":"7777835606","name":"pah-sap06.core.ua.pt","latitude":"40.630026","longitude":"-8.65418","Piso":""},
{"id":"8096453643","name":"ra-avenida-ap01","latitude":"","longitude":"","Piso":""},
{"id":"784836067","name":"ra-avenida-ap02","latitude":"","longitude":"","Piso":""},
{"id":"6749666813","name":"ra-b01-ap01","latitude":"40.6317746","longitude":"-8.655742","Piso":""},
{"id":"8096453777","name":"ra-b01-ap02","latitude":"40.631773","longitude":"-8.6557312","Piso":""},
{"id":"8812748967","name":"ra-b01-ap03","latitude":"40.6319257","longitude":"-8.6558285","Piso":""},
{"id":"6749666819","name":"ra-b01-ap04","latitude":"40.6319287","longitude":"-8.6558278","Piso":""},
{"id":"6749666823","name":"ra-b01-ap05","latitude":"40.631773","longitude":"-8.6557265","Piso":""},
{"id":"6749666822","name":"ra-b01-ap06","latitude":"40.6319303","longitude":"-8.6558258","Piso":""},
{"id":"6749666825","name":"ra-b02-ap01","latitude":"40.632057","longitude":"-8.6558935","Piso":""},
{"id":"6749666830","name":"ra-b02-ap02","latitude":"40.6321348","longitude":"-8.6559586","Piso":""},
{"id":"6749666450","name":"ra-b02-ap03","latitude":"40.6320549","longitude":"-8.655913","Piso":""},
{"id":"6749666827","name":"ra-b02-ap04","latitude":"40.632143","longitude":"-8.6559418","Piso":""},
{"id":"6749666833","name":"ra-b02-ap05","latitude":"40.6320585","longitude":"-8.6558915","Piso":""},
{"id":"6749666831","name":"ra-b02-ap06","latitude":"40.6321415","longitude":"-8.6559431","Piso":""},
{"id":"6749666835","name":"ra-b03-ap01","latitude":"40.6322239","longitude":"-8.6559934","Piso":""},
{"id":"6749666841","name":"ra-b03-ap02","latitude":"40.6323023","longitude":"-8.6560612","Piso":""},
{"id":"8812748956","name":"ra-b03-ap03","latitude":"","longitude":"","Piso":""},
{"id":"6749666843","name":"ra-b03-ap04","latitude":"","longitude":"","Piso":""},
{"id":"8096453624","name":"ra-b03-ap05","latitude":"","longitude":"","Piso":""},
{"id":"6749666845","name":"ra-b03-ap06","latitude":"","longitude":"","Piso":""},
{"id":"6749666847","name":"ra-b04-ap01","latitude":"40.6323883","longitude":"-8.6560927","Piso":""},
{"id":"6749666851","name":"ra-b04-ap02","latitude":"","longitude":"","Piso":""},
{"id":"6749666849","name":"ra-b04-ap03","latitude":"","longitude":"","Piso":""},
{"id":"6749666869","name":"ra-b05-ap01","latitude":"","longitude":"","Piso":""},
{"id":"6749666877","name":"ra-b05-ap02","latitude":"","longitude":"","Piso":""},
{"id":"6749666874","name":"ra-b05-ap03","latitude":"","longitude":"","Piso":""},
{"id":"6749666871","name":"ra-b05-ap04","latitude":"","longitude":"","Piso":""},
{"id":"6749666865","name":"ra-b05-ap05","latitude":"","longitude":"","Piso":""},
{"id":"6749666863","name":"ra-b05-ap06","latitude":"","longitude":"","Piso":""},
{"id":"6749666867","name":"ra-b06-ap01","latitude":"","longitude":"","Piso":""},
{"id":"6749666879","name":"ra-b06-ap02","latitude":"","longitude":"","Piso":""},
{"id":"6749666882","name":"ra-b06-ap03","latitude":"","longitude":"","Piso":""},
{"id":"7152828334","name":"ra-b06-ap04","latitude":"","longitude":"","Piso":""},
{"id":"6749666885","name":"ra-b06-ap05","latitude":"","longitude":"","Piso":""},
{"id":"6749666883","name":"ra-b07-ap01","latitude":"","longitude":"","Piso":""},
{"id":"6749666887","name":"ra-b07-ap02","latitude":"","longitude":"","Piso":""},
{"id":"6749666889","name":"ra-b07-ap03","latitude":"","longitude":"","Piso":""},
{"id":"6749666891","name":"ra-b07-ap04","latitude":"","longitude":"","Piso":""},
{"id":"6749666893","name":"ra-b07-ap05","latitude":"","longitude":"","Piso":""},
{"id":"6749666897","name":"ra-b07-ap06","latitude":"","longitude":"","Piso":""},
{"id":"7310925683","name":"ra-b07-ap07","latitude":"","longitude":"","Piso":""},
{"id":"6749666899","name":"ra-b08-ap01","latitude":"","longitude":"","Piso":""},
{"id":"6749666909","name":"ra-b08-ap02","latitude":"","longitude":"","Piso":""},
{"id":"6749666907","name":"ra-b08-ap03","latitude":"","longitude":"","Piso":""},
{"id":"6749666905","name":"ra-b08-ap04","latitude":"","longitude":"","Piso":""},
{"id":"6749666903","name":"ra-b08-ap05","latitude":"","longitude":"","Piso":""},
{"id":"6749666901","name":"ra-b08-ap06","latitude":"","longitude":"","Piso":""},
{"id":"6749666917","name":"ra-b09-ap01","latitude":"","longitude":"","Piso":""},
{"id":"6749666913","name":"ra-b09-ap02","latitude":"","longitude":"","Piso":""},
{"id":"6749666911","name":"ra-b09-ap03","latitude":"","longitude":"","Piso":""},
{"id":"6749666919","name":"ra-b09-ap04","latitude":"","longitude":"","Piso":""},
{"id":"6749666915","name":"ra-b09-ap05","latitude":"","longitude":"","Piso":""},
{"id":"6749666921","name":"ra-b09-ap06","latitude":"","longitude":"","Piso":""},
{"id":"6857537699","name":"ra-b10-ap01","latitude":"","longitude":"","Piso":""},
{"id":"6857537715","name":"ra-b10-ap02","latitude":"","longitude":"","Piso":""},
{"id":"6857537709","name":"ra-b10-ap03","latitude":"","longitude":"","Piso":""},
{"id":"6857537703","name":"ra-b10-ap04","latitude":"","longitude":"","Piso":""},
{"id":"6857537697","name":"ra-b10-ap05","latitude":"","longitude":"","Piso":""},
{"id":"6857537707","name":"ra-b10-ap06","latitude":"","longitude":"","Piso":""},
{"id":"6857537713","name":"ra-b11-ap01","latitude":"","longitude":"","Piso":""},
{"id":"6857537711","name":"ra-b11-ap02","latitude":"","longitude":"","Piso":""},
{"id":"6857537701","name":"ra-b11-ap03","latitude":"","longitude":"","Piso":""},
{"id":"6857537719","name":"ra-b11-ap04","latitude":"","longitude":"","Piso":""},
{"id":"6857537705","name":"ra-b11-ap05","latitude":"","longitude":"","Piso":""},
{"id":"6857537717","name":"ra-b11-ap06","latitude":"","longitude":"","Piso":""},
{"id":"6857537731","name":"ra-b12-ap01","latitude":"","longitude":"","Piso":""},
{"id":"6857537729","name":"ra-b12-ap02","latitude":"","longitude":"","Piso":""},
{"id":"6857537723","name":"ra-b12-ap03","latitude":"","longitude":"","Piso":""},
{"id":"6857537725","name":"ra-b12-ap04","latitude":"","longitude":"","Piso":""},
{"id":"6857537728","name":"ra-b12-ap05","latitude":"","longitude":"","Piso":""},
{"id":"6857537721","name":"ra-b12-ap06","latitude":"","longitude":"","Piso":""},
{"id":"6857537734","name":"ra-b13-ap01","latitude":"","longitude":"","Piso":""},
{"id":"6857537735","name":"ra-b13-ap02","latitude":"","longitude":"","Piso":""},
{"id":"6857537737","name":"ra-b13-ap03","latitude":"","longitude":"","Piso":""},
{"id":"6857537739","name":"ra-b13-ap04","latitude":"","longitude":"","Piso":""},
{"id":"6749666434","name":"ra-b13-ap05","latitude":"","longitude":"","Piso":""},
{"id":"6857537741","name":"ra-b13-ap06","latitude":"","longitude":"","Piso":""},
{"id":"6857537743","name":"ra-b14-ap01","latitude":"","longitude":"","Piso":""},
{"id":"6857537747","name":"ra-b14-ap02","latitude":"","longitude":"","Piso":""},
{"id":"6857537749","name":"ra-b14-ap03","latitude":"","longitude":"","Piso":""},
{"id":"6857537751","name":"ra-b14-ap04","latitude":"","longitude":"","Piso":""},
{"id":"6857537746","name":"ra-b14-ap05","latitude":"","longitude":"","Piso":""},
{"id":"6857537753","name":"ra-b14-ap06","latitude":"","longitude":"","Piso":""},
{"id":"1861243794","name":"rabumba-ap01","latitude":"40.640138","longitude":"-8.655475","Piso":""},
{"id":"1861244148","name":"rabumba-ap02","latitude":"40.640131","longitude":"-8.655385","Piso":""},
{"id":"54390317","name":"ra-crasto-ap01","latitude":"40.6232211","longitude":"-8.6590497","Piso":""},
{"id":"54390327","name":"ra-crasto-ap02","latitude":"40.6232506","longitude":"-8.6590466","Piso":""},
{"id":"54390323","name":"ra-crasto-ap03","latitude":"40.6232533","longitude":"-8.6590494","Piso":""},
{"id":"54390325","name":"ra-crasto-ap04","latitude":"40.6233498","longitude":"-8.6591362","Piso":""},
{"id":"54390321","name":"ra-crasto-ap05","latitude":"40.6233214","longitude":"-8.6591203","Piso":""},
{"id":"54390319","name":"ra-crasto-ap06","latitude":"40.6233256","longitude":"-8.6591178","Piso":""},
{"id":"54390299","name":"ra-crasto-ap07","latitude":"40.6233758","longitude":"-8.6591563","Piso":""},
{"id":"54390297","name":"ra-crasto-ap08","latitude":"40.6234033","longitude":"-8.6591518","Piso":""},
{"id":"54390273","name":"ra-crasto-ap09","latitude":"40.6234075","longitude":"-8.659156","Piso":""},
{"id":"54390245","name":"ra-crasto-ap10","latitude":"40.6235106","longitude":"-8.659224","Piso":""},
{"id":"54390277","name":"ra-crasto-ap11","latitude":"40.6234756","longitude":"-8.6592256","Piso":""},
{"id":"54390279","name":"ra-crasto-ap12","latitude":"40.6234798","longitude":"-8.6592237","Piso":""},
{"id":"54390243","name":"ra-crasto-ap13","latitude":"40.6235697","longitude":"-8.6592851","Piso":""},
{"id":"54390241","name":"ra-crasto-ap14","latitude":"40.6235967","longitude":"-8.6592799","Piso":""},
{"id":"54390251","name":"ra-crasto-ap15","latitude":"40.6235973","longitude":"-8.6592827","Piso":""},
{"id":"54390291","name":"ra-crasto-ap16","latitude":"40.6237035","longitude":"-8.6593528","Piso":""},
{"id":"54390271","name":"ra-crasto-ap17","latitude":"40.6236716","longitude":"-8.659355","Piso":""},
{"id":"54390261","name":"ra-crasto-ap18","latitude":"40.6236706","longitude":"-8.6593545","Piso":""},
{"id":"54390259","name":"ra-crasto-ap19","latitude":"40.6237641","longitude":"-8.6594044","Piso":""},
{"id":"54390283","name":"ra-crasto-ap20","latitude":"40.6237901","longitude":"-8.659414","Piso":""},
{"id":"54390257","name":"ra-crasto-ap21","latitude":"40.6237902","longitude":"-8.6594168","Piso":""},
{"id":"54390249","name":"ra-crasto-ap22","latitude":"40.623894","longitude":"-8.6594922","Piso":""},
{"id":"54390247","name":"ra-crasto-ap23","latitude":"40.6238614","longitude":"-8.6594884","Piso":""},
{"id":"54390281","name":"ra-crasto-ap24","latitude":"40.623862","longitude":"-8.6594859","Piso":""},
{"id":"54390275","name":"ra-crasto-ap25","latitude":"40.6239556","longitude":"-8.6595358","Piso":""},
{"id":"54390255","name":"ra-crasto-ap26","latitude":"40.6239825","longitude":"-8.6595441","Piso":""},
{"id":"54390239","name":"ra-crasto-ap27","latitude":"40.6239831","longitude":"-8.6595469","Piso":""},
{"id":"54390265","name":"ra-crasto-ap28","latitude":"40.6240859","longitude":"-8.6596243","Piso":""},
{"id":"54390289","name":"ra-crasto-ap29","latitude":"40.6240512","longitude":"-8.6596145","Piso":""},
{"id":"54390263","name":"ra-crasto-ap30","latitude":"40.6240549","longitude":"-8.659614","Piso":""},
{"id":"54390293","name":"ra-crasto-ap31","latitude":"40.6241474","longitude":"-8.6596659","Piso":""},
{"id":"54390269","name":"ra-crasto-ap32","latitude":"40.6241769","longitude":"-8.6596755","Piso":""},
{"id":"54390253","name":"ra-crasto-ap33","latitude":"40.624173","longitude":"-8.659677","Piso":""},
{"id":"54390295","name":"ra-crasto-ap34","latitude":"40.6242772","longitude":"-8.6597544","Piso":""},
{"id":"54390315","name":"ra-crasto-ap35","latitude":"40.6242441","longitude":"-8.6597473","Piso":""},
{"id":"54390303","name":"ra-crasto-ap36","latitude":"40.6242478","longitude":"-8.6597441","Piso":""},
{"id":"54390309","name":"ra-crasto-ap37","latitude":"40.6243388","longitude":"-8.659798","Piso":""},
{"id":"54390313","name":"ra-crasto-ap38","latitude":"40.6243668","longitude":"-8.6598076","Piso":""},
{"id":"54390305","name":"ra-crasto-ap39","latitude":"40.6243669","longitude":"-8.6598098","Piso":""},
{"id":"54390301","name":"ra-crasto-ap40","latitude":"40.6244671","longitude":"-8.6598885","Piso":""},
{"id":"54390311","name":"ra-crasto-ap41","latitude":"40.6244385","longitude":"-8.6598774","Piso":""},
{"id":"54390307","name":"ra-crasto-ap42","latitude":"40.6244386","longitude":"-8.6598768","Piso":""},
{"id":"786604834","name":"ra-feminina-ap01","latitude":"","longitude":"","Piso":""},
{"id":"786604838","name":"ra-feminina-ap02","latitude":"","longitude":"","Piso":""},
{"id":"786604836","name":"ra-feminina-ap03","latitude":"","longitude":"","Piso":""},
{"id":"786604832","name":"ra-masculina-ap01","latitude":"","longitude":"","Piso":""},
{"id":"786604828","name":"ra-masculina-ap02","latitude":"","longitude":"","Piso":""},
{"id":"786604826","name":"ra-masculina-ap03","latitude":"","longitude":"","Piso":""},
{"id":"786604830","name":"ra-masculina-ap04","latitude":"","longitude":"","Piso":""},
{"id":"786604820","name":"ra-santiago-ap01","latitude":"","longitude":"","Piso":""},
{"id":"786604822","name":"ra-santiago-ap02","latitude":"","longitude":"","Piso":""},
{"id":"786604824","name":"ra-santiago-ap03","latitude":"","longitude":"","Piso":""},
{"id":"7050315314","name":"rdocentes-ap01","latitude":"40.6371952","longitude":"-8.6577543","Piso":""},
{"id":"6857537789","name":"rdocentes-ap02","latitude":"40.6371249","longitude":"-8.6576865","Piso":""},
{"id":"7050315312","name":"rdocentes-ap03","latitude":"40.6372483","longitude":"-8.6578206","Piso":""},
{"id":"7050315328","name":"rdocentes-ap04","latitude":"40.6371104","longitude":"-8.6576554","Piso":""},
{"id":"7050315327","name":"rdocentes-ap05","latitude":"40.6371791","longitude":"-8.6577399","Piso":""},
{"id":"7050315330","name":"rdocentes-ap06","latitude":"40.6372399","longitude":"-8.6578197","Piso":""},
{"id":"7050315347","name":"rdocentes-ap07","latitude":"40.6371175","longitude":"-8.6576544","Piso":""},
{"id":"7050315322","name":"rdocentes-ap08","latitude":"40.6371636","longitude":"-8.6577332","Piso":""},
{"id":"7050315321","name":"rdocentes-ap09","latitude":"40.6372424","longitude":"-8.6578136","Piso":""},
{"id":"7050315316","name":"rdocentes-ap10","latitude":"40.6371325","longitude":"-8.6576715","Piso":""},
{"id":"7050315318","name":"rdocentes-ap11","latitude":"40.6372162","longitude":"-8.6577801","Piso":""},
{"id":"1861244128","name":"santajoana-ap01","latitude":"40.6376166","longitude":"-8.6522598","Piso":""},
{"id":"1861244120","name":"santajoana-ap02","latitude":"40.6376999","longitude":"-8.6521537","Piso":""},
{"id":"1939353224","name":"santajoana-ap03","latitude":"40.6376158","longitude":"-8.6520823","Piso":""},
{"id":"1837671977","name":"snack-ap02","latitude":"40.6313285","longitude":"-8.6554622","Piso":""},
{"id":"1837671969","name":"snack-ap03","latitude":"40.6312177","longitude":"-8.6554626","Piso":""},
{"id":"3428077099","name":"snack-sap01.core.ua.pt","latitude":"40.6312186","longitude":"-8.6554581","Piso":""},
{"id":"4100591524","name":"spare-ap02","latitude":"","longitude":"","Piso":""},
{"id":"2932885097","name":"stic-ap01","latitude":"","longitude":"","Piso":""},
{"id":"3555679240","name":"stic-ap02","latitude":"","longitude":"","Piso":""},
{"id":"3764896212","name":"stic-ap03","latitude":"","longitude":"","Piso":""},
{"id":"1861243971","name":"ztc-ap01","latitude":"40.6310963","longitude":"-8.6582601","Piso":""},
{"id":"1861244007","name":"ztc-ap02","latitude":"40.6312678","longitude":"-8.6587255","Piso":""},
{"id":"1861243997","name":"ztc-ap03","latitude":"40.6313747","longitude":"-8.6589769","Piso":""},
{"id":"7152828068","name":"ztc-ap04","latitude":"40.6308938","longitude":"-8.6585129","Piso":""},
{"id":"1861244144","name":"ztc-ap05","latitude":"40.6306165","longitude":"-8.6593464","Piso":""},
{"id":"1861243985","name":"ztc-ap06","latitude":"40.6305569","longitude":"-8.6589448","Piso":""},
{"id":"7152828076","name":"ztc-ap07","latitude":"40.6308203","longitude":"-8.6593947","Piso":""},
{"id":"7310925663","name":"ztc-ap08","latitude":"?","longitude":"?","Piso":""},
{"id":"7310925659","name":"ztc-ap09","latitude":"40.6305877","longitude":"-8.6590728","Piso":""},
{"id":"7152828074","name":"ztc-ap10","latitude":"40.6309987","longitude":"-8.6592193","Piso":""},
{"id":"1861243981","name":"ztc-ap11","latitude":"40.6311707","longitude":"-8.6585441","Piso":""},
{"id":"8096453641","name":"ztc-ap12","latitude":"40.6309275","longitude":"-8.6587211","Piso":""},
{"id":"7152827858","name":"ztc-ap13","latitude":"40.6310552","longitude":"-8.6588928","Piso":""},
{"id":"8096453639","name":"ztc-ap14","latitude":"40.6310516","longitude":"-8.6584992","Piso":""},
{"id":"7152828070","name":"ztc-ap15","latitude":"40.6307076","longitude":"-8.6586474","Piso":""},
{"id":"5575498343","name":"ztc-ap16","latitude":"40.6309102","longitude":"-8.6593467","Piso":""},
{"id":"7152828072","name":"ztc-ap17","latitude":"40.6307372","longitude":"-8.6594587","Piso":""},
{"id":"7310925702","name":"ztc-ap18","latitude":"40.6309784","longitude":"-8.6589022","Piso":""}
]
